Organization,Followed On
Sutherland,Fri May 05 12:46:37 UTC 2023
Zedd Labz,Wed May 03 08:19:28 UTC 2023
Arcadis,Wed May 03 05:05:51 UTC 2023
Laminar Projects,Tue May 02 20:42:23 UTC 2023
Luxoft,Wed Apr 19 12:36:55 UTC 2023
Arterns Technologies,Wed Apr 19 12:34:13 UTC 2023
WSP in India,Sat Jan 28 03:28:39 UTC 2023
LatentView Analytics,Sat Jan 28 03:24:24 UTC 2023
Quantiphi,Wed Jan 04 05:46:39 UTC 2023
we-do-IT Group of Companies,Wed Jan 04 05:42:02 UTC 2023
Genpact,Wed Jan 04 05:39:46 UTC 2023
"First Brands Group, LLC",Wed Jan 04 05:38:48 UTC 2023
Bizmetric,Wed Jan 04 05:38:16 UTC 2023
Quantzig,Thu Dec 29 13:43:07 UTC 2022
Metayb,Thu Dec 29 10:47:11 UTC 2022
Merrin & Associates,Mon Dec 12 15:58:02 UTC 2022
Stellantis,Fri Nov 11 06:34:51 UTC 2022
Epic Games,Mon Jul 25 16:38:11 UTC 2022
Accelya Group,Tue Jul 12 15:02:46 UTC 2022
Marktine Technology Solutions Pvt Ltd,Fri Jun 24 02:53:47 UTC 2022
Careerflow.ai (Techstars '23),Mon May 30 08:30:36 UTC 2022
Ola,Mon May 30 08:30:32 UTC 2022
Nagarro,Mon May 30 08:30:32 UTC 2022
Axis Bank,Thu May 05 09:12:01 UTC 2022
The Economic Times,Thu May 05 09:12:00 UTC 2022
Hexaware Technologies,Thu May 05 09:12:00 UTC 2022
Cognine Technologies,Thu May 05 09:11:57 UTC 2022
Hawkins.Tech Inc,Thu May 05 09:11:57 UTC 2022
State Bank of India,Thu May 05 09:11:56 UTC 2022
Work From Home/ Fresher & Experience Jobs,Thu May 05 09:11:56 UTC 2022
Resource Europe,Thu May 05 09:11:55 UTC 2022
Purpose Driven Promotion,Thu May 05 09:11:55 UTC 2022
HDFC Bank,Thu May 05 09:11:54 UTC 2022
EY,Thu May 05 09:11:53 UTC 2022
Paytm,Thu May 05 09:11:53 UTC 2022
Deloitte,Thu May 05 09:11:52 UTC 2022
Capgemini,Thu May 05 09:11:51 UTC 2022
Zomato,Thu May 05 09:11:51 UTC 2022
Oracle,Thu May 05 09:11:50 UTC 2022
Disney+ Hotstar,Thu May 05 09:11:50 UTC 2022
Tata Projects,Thu May 05 09:11:49 UTC 2022
Deuent,Thu May 05 09:11:49 UTC 2022
"The TOP Ajman - An International Business, Politics, and NGO Magazine and a Global Charity + the HUB",Thu May 05 09:11:48 UTC 2022
Eizen,Thu May 05 09:11:48 UTC 2022
EverExpert,Thu May 05 09:11:46 UTC 2022
IoT Security Institute Chapter Colombia,Thu May 05 09:11:46 UTC 2022
Fresher Jobs,Thu May 05 09:11:45 UTC 2022
ICICI Bank,Thu May 05 09:11:45 UTC 2022
"The TOP Brisbane - An International Business, Politics, and NGO Magazine and a Global Charity + HUB",Thu May 05 09:11:43 UTC 2022
BYJU'S,Thu May 05 09:11:43 UTC 2022
Dell Technologies,Thu May 05 09:11:42 UTC 2022
Accenture Technology,Thu May 05 09:11:42 UTC 2022
Mphasis,Thu May 05 09:11:42 UTC 2022
Berloni Appliances,Thu May 05 09:11:41 UTC 2022
Intel Corporation,Thu May 05 09:11:40 UTC 2022
LabService Providers,Thu May 05 09:11:38 UTC 2022
HP,Thu May 05 09:11:37 UTC 2022
Tata Consultancy Services,Thu May 05 09:11:36 UTC 2022
IBM,Thu May 05 09:11:35 UTC 2022
Flipkart,Thu May 05 09:11:35 UTC 2022
LTI - Larsen & Toubro Infotech,Thu May 05 09:11:34 UTC 2022
Athenasquare,Thu May 05 09:11:34 UTC 2022
Android Jobs,Thu May 05 09:11:33 UTC 2022
Google Developer Student Clubs - SGSITS,Thu May 05 09:11:32 UTC 2022
W3Schools.com,Thu May 05 09:11:31 UTC 2022
Mindtree,Thu May 05 09:11:31 UTC 2022
L&T Technology Services,Thu May 05 09:11:29 UTC 2022
Discovery Information Technologies,Thu May 05 09:11:29 UTC 2022
G BIKE TOURS,Thu May 05 09:11:28 UTC 2022
Functional and Reactive Programming In Java,Thu May 05 09:11:28 UTC 2022
Wipro,Thu May 05 09:11:27 UTC 2022
Tata Motors,Thu May 05 09:11:27 UTC 2022
Coursera,Thu May 05 09:11:26 UTC 2022
"The TOP Monaco - An International Business, Politics and NGO Magazine and a Global Charity + the HUB",Thu May 05 09:11:26 UTC 2022
Google Developer Student Clubs - SSUET,Thu May 05 09:11:25 UTC 2022
 ABS PREMIUM CONTAINERS ,Thu May 05 09:11:25 UTC 2022
HCLTech,Thu May 05 09:11:24 UTC 2022
AWS Training & Certification,Thu May 05 09:11:23 UTC 2022
365 Data Science,Thu May 05 09:11:22 UTC 2022
Samsung Electronics,Thu May 05 09:11:22 UTC 2022
Prodigy Hub,Sat Apr 30 11:07:31 UTC 2022
Theoutrace Jobs,Wed Apr 20 13:07:10 UTC 2022
React Jobs,Wed Mar 02 14:56:32 UTC 2022
JetBrains,Tue Mar 01 07:57:22 UTC 2022
GitLab,Tue Mar 01 07:57:21 UTC 2022
AWS Careers,Tue Mar 01 07:57:19 UTC 2022
Microsoft Learn,Tue Mar 01 07:57:19 UTC 2022
Cognizant,Sat Feb 05 16:20:44 UTC 2022
Accenture in India,Sat Feb 05 16:20:38 UTC 2022
Trilogy Innovations,Fri Feb 04 11:58:32 UTC 2022
Code Nation,Fri Feb 04 11:57:58 UTC 2022
Bank of America,Fri Feb 04 08:44:10 UTC 2022
AeroLeads,Fri Feb 04 08:44:03 UTC 2022
Patanjali Research Institute,Fri Feb 04 08:43:59 UTC 2022
ISRO - Indian Space Research Organisation,Sun Jan 30 14:30:51 UTC 2022
ISRO - Indian Space Research Organization,Sun Jan 30 14:30:21 UTC 2022
"Club of Programmers, IIT BHU",Sun Jan 16 12:47:47 UTC 2022
freeCodeCamp,Sun Jan 16 08:07:03 UTC 2022
JavaScript,Sat Jan 15 01:52:32 UTC 2022
Accenture,Fri Jun 03 09:26:33 UTC 2022
NASA - National Aeronautics and Space Administration,Sun Jan 09 01:04:14 UTC 2022
SpaceX,Sun Jan 09 01:04:11 UTC 2022
Airbnb,Tue Jan 04 13:29:55 UTC 2022
Johnson & Johnson,Tue Jan 04 13:29:53 UTC 2022
Uber,Tue Jan 04 13:29:52 UTC 2022
The Coca-Cola Company,Tue Jan 04 13:29:51 UTC 2022
Warner Bros. Entertainment,Tue Jan 04 13:29:51 UTC 2022
YouTube,Tue Jan 04 13:29:50 UTC 2022
HBO,Tue Jan 04 13:29:50 UTC 2022
TikTok,Tue Jan 04 13:29:46 UTC 2022
LinkedIn,Tue Jan 04 13:29:46 UTC 2022
Nestl√©,Tue Jan 04 13:29:44 UTC 2022
Unilever,Tue Jan 04 13:29:42 UTC 2022
Tesla,Tue Jan 04 13:29:42 UTC 2022
Nike,Tue Jan 04 13:29:41 UTC 2022
Meta,Tue Jan 04 13:29:36 UTC 2022
Spotify,Tue Jan 04 13:29:34 UTC 2022
Apple,Tue Jan 04 13:29:32 UTC 2022
Netflix,Tue Jan 04 13:29:29 UTC 2022
GitHub,Tue Jan 04 13:28:32 UTC 2022
Microsoft,Tue Jan 04 13:28:29 UTC 2022
Google,Tue Jan 04 13:28:27 UTC 2022
HackerEarth,Tue Jan 04 13:28:17 UTC 2022
GeeksforGeeks,Tue Jan 04 13:28:15 UTC 2022
Competitive Programming Club 1337,Tue Jan 04 13:28:15 UTC 2022
CodeForces,Tue Jan 04 13:28:04 UTC 2022
HackerRank,Tue Jan 04 13:28:03 UTC 2022
LeetCode,Tue Jan 04 13:28:02 UTC 2022
CodeChef,Tue Jan 04 13:27:21 UTC 2022
bp,Fri Dec 24 04:27:53 UTC 2021
Amazon,Thu Sep 16 12:25:00 UTC 2021
Infosys,Wed Mar 03 17:36:19 UTC 2021
Rerouting Ideologies - Graphic Era Hill University,Wed Mar 03 17:27:21 UTC 2021